Cluster 1,Cluster 2,Cluster 3,Cluster 4,Cluster 5,Cluster 6,Cluster 7,Cluster 8,Cluster 9,Cluster 10,Cluster 11,Cluster 12,Cluster 13,Cluster 14,Cluster 15,Cluster 16,Cluster 17,Cluster 18,Cluster 19,Cluster 20,Cluster 21,Cluster 22,Cluster 23,Cluster 24,Cluster 25,Cluster 26,Cluster 27,Cluster 28,Cluster 29,Cluster 30,Cluster 31,Cluster 32,Cluster 33,Cluster 34,Cluster 35,Cluster 36,Cluster 37,Cluster 38,Cluster 39,Cluster 40,Cluster 41,Cluster 42,Cluster 43,Cluster 44,Cluster 45,Cluster 46,Cluster 47,Cluster 48,Cluster 49,Cluster 50,Cluster 51,Cluster 52,Cluster 53,Cluster 54,Cluster 55,Cluster 56,Cluster 57,Cluster 58,Cluster 59,Cluster 60,Cluster 61,Cluster 62,Cluster 63,Cluster 64,Cluster 65,Cluster 66,Cluster 67,Cluster 68,Cluster 69,Cluster 70,Cluster 71,Cluster 72,Cluster 73,Cluster 74,Cluster 75,Cluster 76,Cluster 77,Cluster 78,Cluster 79,Cluster 80
'00020','00182','00054','00160','00103','00001','00017','00101','00057','00023','00158','00007','00146','00049','00326','00005','00204','00015','00069','00066','00067','00781','00025','00032','00030','00997','00139','00038','01278','00149','00026','00072','00045','00081','00336','00021','00018','00060','00983','00436','00258','00402','00024','00019','00284','00082','00064','00328','00036','00905','00184','00111','00163','00179','00735','00012','00468','00006','00435','00010','00002','00134','00126','00000','00104','00059','00114','00003','00008','00091','00131','00039','00004','00820','00143','00455','00095','00254','00013','02262'
'00106','00430','00121','00253','00201','00011','00052','00122','00248','00053','00193','00028','00186','00065','00507','00208','00371','00056','00154','00075','00110','01017','00029','00151','00037','01227','00183','00044','01410','00351','00031','00135','00107','00120','00967','00078','00022','00365','01146','00684','03520','02384','00074','00042','00437','00167','00092','01027','00109','03879','00314','00218','00238','00541','01441','00061','00549','00033','00732','00014','00224','00202','01165','00009','00203','00211','00161','00034','00027','00241','03955','00098','00035','00844','00169','00916','00209','00255','00136',
'00128','00616','00252','00303','00214','00058','00144','00200','00534','00087','00213','00089','00257','00129','00713','00291','00495','00063','00357','00359','00118','01647','00076','00217','00178','01241','00316','00147','02063','00391','00047','00166','00235','00138','01289','00112','00040','00415','01433','01447','04466',,'00085','00043','00723','00171','00102','01371','00119','04612','00421','00266','00279','00903','04143','00068','00756','00079','01185','00070','00259','00550','01770','00016','00215','00298','00170','00048','00062','00302','04706','00100','00041','01143','00190','02199','00278','00318','00162',
'00159','00712','00325','00358','00277','00140','00150','00474','00647','00108','00346','00141','00378','00168','02159','01921','01221','00084','00490','00760','00124','02701','00093','00503','00187','01518','00367','00269','02249','00573','00080','00260','00245','00236','01557','00207','00046','00567','01446',,,,'00090','00051','01199','00197','00157','01602','00130',,'00451','00410','00287','01158','04472','00094','00841','00212','01188','00464','00356','00643','02326','00050','00276','00299','00180','00071','00086','00317',,'00368','00083','01592','00226',,'00297','00380','00246',
'00164','00899','00350','00362','00382','00232','00189','00501','00655','00133','00552','00188','00434','00228','03048','02016','01269','00148','00555','00992','00185','02868','00137','00724','00220','01713','00504','00289','02973','00638','00088','00411','00290','00285','01604','00249','00055','00569','01520',,,,'00105','00077','01449','00198','00176','01664','00132',,'00869','00515','00311','01265','04788','00097','01076','00219','01198','00601','00381','01136','02821','00096','00361','00300','00272','00181','00152','00405',,'00375','00117','01822','00270',,'00614','00387','00337',
'00173','01429','00708','00386','00412','00247','00240','00600','00748','00142','00970','00199','00860','00320','03115','02380','01312','00223','00572','01005','00192','02933','00165','00761','00244','01889','00546','00384','03745','00829','00282','00516','00395','00611','01972','00256','00073','00633','01695',,,,'00156','00113','01850','00268','00237','01805','00175',,'01069','00657','00364','01856',,'00099','01120','00233','01459','00707','00414','01155','03336','00125','00427','00476','00296','00205','00374','00542',,'00388','00127','02307','00275',,'00665','00428','00343',
'00206','01595','00722','00394','00508','00250','00307','00671','00765','00195','01159','00221','00868','00340','03121','02654','01542','00265','00836','01028','00390','03026','00313','00838','00267','02225','00585','00439',,'01009','00301','00637','00396','00805','02030','00342','00123','00672','01915',,,,'00274','00115','02291','00304','00242','02098','00191',,'01483','00763','00376','02277',,'00155','01591','00315','01649','00719','00418','01175','03396','00243','00475','00639','00397','00210','00407','00654',,'00406','00145','02310','00294',,'00778','00432','00453',
'00227','01988','00804','00502','00632','00353','00345','00689','01059','00251','01473','00222','00906','00355','03218','02657','01930','00310','01242','01033','00431','03171','00393','00858','00322','02313','00588','00557',,'01183','00354','00699','00399','00835','02525','00466','00153','00884','02202',,,,'00283','00116','02550','00305','00280','02686','00196',,'01654','00797','00409','02350',,'00172','01747','00321','01910','00783','00480','01222','04269','00441','00496','00807','00446','00264','00416','00686',,'00465','00230','02425','00327',,'00780','00509','00520',
'00271','02265','00828','00514','00789','00392','00423','00752','01104','00263','02219','00231','01233','00440','03433','02715','02170','00329','01363','01291','00448','03508','00479','01129','00331','02401','00660','00595',,'02538','00372','00784','00445','01036','02903','00492','00225','01427','02271',,,,'00295','00194','02629','00389','00408','02723','00229',,'01708','00975','00458','02534',,'00174','01950','00344','02198','00855','00489','01316','05004','00463','00627','00886','00540','00339','00482','00718',,'00554','00309','02639','00433',,'00815','00872','00652',
'00286','02643','00846','00609','00800','00477','00438','00762','01167','00308','02774','00239','01248','00450','03708','02820','02231','00335','01399','01335','00452','03610','00599','01280','00333','02504','00678','00608',,'02757','00447','01113','00559','01097','03057','00510','00281','01496','02288',,,,'00334','00216','02656','00461','00456','02849','00293',,'02167','01110','00561','02571',,'00177','02032','00379','02220','00883','00548','01479',,'00485','00806','00945','00562','00366','00488','00754',,'00577','00347','02749','00459',,'00816','00876','00702',
'00323','02730','00910','00839','00801','00553','00443','00775','01281','00312','02791','00262','01318','00457','04103','03166','02411','00341','01465','01487','00484','03760','00603','01293','00360','02645','00758','00658',,'03483','00460','01202','00575','01150','03098','00527','00292','01601','02439',,,,'00352','00234','02726','00518','00528','03380','00348',,'02441','01134','00693','02965',,'00338','02136','00385','02704','00961','00564','01504',,'00706','00891','01019','00589','00398','00526','00949',,'00694','00472','02885','00467',,'00857','01655','00703',
'00324','03020','00923','00911','00831','00558','00519','00897','01353','00330','03687','00273','01548','00478',,'03352','02471','00363','01974','01661','00517','04000','00675','01361','00373','02923','00786','00668',,,'00494','01284','00576','01685','03440','00594','00349','01663','02719',,,,'00400','00261','02771','00640','00536','03423','00369',,'02823','01385','00700','03049',,'00422','02268','00565','03117','01006','00620','01783',,'00730','00941','01112','00624','00462','00578','01147',,'00701','00481','03090','00497',,'00988','01987','00715',
'00332','03192','00940','00922','00845','00619','00543','00904','01451','00505','03811','00319','01657','00493',,'03399','02827','00377','02160','01774','00522','04317','00683','01384','00471','03000','00888','00720',,,'00560','01490','00628','01894','03576','00649','00370','01804','02768',,,,'00413','00288','03662','00646','00568','03438','00419',,'03226','01509','00738','03093',,'00473','02363','00606','03193','01058','00673','01858',,'00743','00947','01127','00651','00538','00598','01616',,'00755','00500','03095','00499',,'01133','02093','00822',
'00449','03595','01107','01072','00887','00626','00581','01354','01584','00525','03861','00420','01665','00531',,'03429','03029','00401','02294','01943','00523','04619','00768','01389','00513','03099','01094','00777',,,'00663','01633','00629','01956','03684','00656','00469','01977','02843',,,,'00506','00306','03724','00676','00622','03466','00425',,'03411','01758','00833','03169',,'00483','02372','00687','03318','01078','00757','01986',,'00774','01011','01144','00736','00571','00636','01635',,'00939','00547','03890','00533',,'01193','02104','01090',
'00602','03669','01114','01073','00954','00648','00769','01391','01878','00530','03909','00426','01750','00535',,'03445','03042','00417','02329','01958','00532','04631','00772','01412','00579','03237','01108','00864',,,'00697','02017','00634','02029','04066','00710','00551','02109','02944',,,,'00597','00383','03886','00729','00709','03935','00570',,'03442','01875','00866','04057',,'00529','02407','00692','03375','01374','00826','02071',,'00889','01012','01215','00782','00618','00681','01807',,'01026','00566','04110','00537',,'01213','02251','01177',
'00617','04154','01207','01259','00993','00662','00811','01404','01903','00591','04302','00429','01764','00574',,'03774','03328','00424','02369','02078','00682','04805','01015','01539','00584','03716','01156','00928',,,'00808','02065','00679','02323','04229','00714','00563','02182','03087',,,,'00711','00403','04272','00741','00717','04109','00582',,'03947','01913','00901','04295',,'00583','03334','00726','03915','01493','00919','02080',,'00955','01021','01295','00809','00664','00791','01839',,'01201','00586','04115','00590',,'01320','02330','01195',
'00631','04165','01252','01324','01282','00695','00813','01453','01947','00848','04461','00442','01793','00615',,'03818','03351','00454','02427','02187','00685','04954','01095','01546','00621','04149','01217','00953',,,'00832','02127','00691','02599','04249','00827','00607','02874','03269',,,,'00751','00404','04391','00773','00740','04537','00670',,'04047','02263','00951','04411',,'00641','03565','00747','03950','01516','00930','02132',,'01010','01048','01296','00814','00667','00810','01843',,'01356','00592','04268','00612',,'01326','02520','01228',
'00669','04513','01273','01464','01286','00698','00834','01463','01953','00853','04997','00444','01798','00623',,'03835','03406','00470','02770','02295','00688',,'01139','01720','00635','04482','01239','01085',,,'00842','02138','00790','02683','05003','00861','00659','02905','03575',,,,'00793','00486','04498','00803','00802',,'00696',,'04182','02513','00962',,,'00690','03666','00753','04038','01794','00980','02399',,'01047','01049','01310','00882','00674','00824','02149',,'01437','00604','04274','00764',,'01329','02576','01301',
'00742','04666','01502','01690','01323','00721','00837','01519','02033','00859',,'00498','01867','00666',,'03918','03878','00512','02941','02322','00771',,'01216','01984','00716','04634','01342','01125',,,'00927','02174','00819','02765',,'00918','00725','02958','03653',,,,'00798','00487','04965','00850','00863',,'00746',,,'02665','01000',,,'00739','03970','00767','04120','01899','01101','02405',,'01162','01288','01434','00900','00799','00867','02284',,'01762','00645','04314','00840',,'01348','02658','01450',
'00744','04776','01530','01739','01394','00733','00907','01722','02324','00862',,'00511','02299','00731',,'03997','04196','00556','03179','02368','00898',,'01238','02165','00727',,'01367','01160',,,'00991','02501','00892','03196',,'01075','00745','03009','03683',,,,'00870','00491','04968','00880','00942',,'00852',,,'02787','01192',,,'00766','04798','00779','04171','01911','01196','02437',,'01235','01612','01488','00981','00817','00874','02303',,'01979','00650','04491','00843',,'01467','02741','01746',
'00787',,'01697','01825','01510','00821','01060','01752','02472','00871',,'00521','02546','00770',,'04055','04206','00605','03289','02410','00909',,'01250','02217','00750',,'01435','01187',,,'01032','02646','00925','03282',,'01116','00749','03082','03691',,,,'00881','00545',,'00956','01018',,'01020',,,'02789','01232',,,'00788','04891','00875','04556','02057','01392','02473',,'01258','01692','01623','00985','00877','00912','02452',,'02154','00728','04494','00885',,'01478','02826','01873',
'00794',,'01731','01841','01540','00849','01064','01834','02564','00936',,'00524','02603','00792',,'04585','04384','00625','03822','02462','00958',,'01322','02274','00776',,'01457','01243',,,'01042','02691','00971','03476',,'01170','00812','03207','03743',,,,'00959','00580',,'01008','01099',,'01086',,,'03286','01272',,,'00795',,'00902','04558','02074','01418','02630',,'01268','01710','01639','01045','00878','00924','02659',,'02316','00847','04544','00920',,'01577','03132','01936',
'00934',,'01780','02001','01568','00915','01074','02079','02661','00938',,'00539','02804','00796',,,'04603','00661','03851','02581','01118',,'01327','02418','00785',,'01550','01283',,,'01057','02836','00979','03562',,'01174','00823','03468','03804',,,,'00984','00593',,'01050','01122',,'01131',,,'03317','01292',,,'00865',,'00913','04646','02100','01561','02756',,'01376','01727','01809','01067','00896','00973','02706',,'02328','00856','04829','00926',,'01673','03139','01948',
'00987',,'01957','02060','01644','01037','01182','02177','02809','00943',,'00544','03112','00825',,,'04694','00680','04099','02615','01168',,'01331','02508','01022',,'01620','01328',,,'01126','03167','01030','03690',,'01240','00921','03558','03828',,,,'01031','00596',,'01053','01128',,'01200',,,'03341','01351',,,'00946',,'00952','04740','02103','01671','02817',,'01409','01891','01819','01068','00908','01084','02811',,'02662','00914',,'00933',,'01768','03154','02124',
'01016',,'01961','02107','01718','01038','01191','02238','02863','00957',,'00587','03168','00830',,,'04770','00704','04128','02731','01247',,'01494','02810','01024',,'01628','01332',,,'01132','03550','01151','03755',,'01347','00929','03938','03911',,,,'01040','00642',,'01063','01275',,'01225',,,'03775','01379',,,'00948',,'00972','04752','02123','01808','03104',,'01564','02135','02052','01106','00937','01092','03150',,'02673','00931',,'00982',,'01810','03159','02232',
'01055',,'01967','02146','01728','01039','01211','02254','02915','00969',,'00610','03280','00851',,,'04820','00737','04204','02948','01270',,'01544','03033','01025',,'01773','01531',,,'01172','03552','01190','03772',,'01417','00989','04073','03921',,,,'01043','00653',,'01123','01304',,'01244',,,'03807','01485',,,'00968',,'00986','04922','02157','01892','03583',,'01617','02179','02058','01149','00965','01349','03151',,'02685','00944',,'00996',,'01824','03195','02466',
'01135',,'02043','02243','01818','01046','01325','02392','02917','00994',,'00613','03415','00879',,,,'00759','04210','03016','01321',,'01569','03071','01051',,'01826','01600',,,'01186','03566','01203','03831',,'01534','01061','04299','03996',,,,'01083','00734',,'01306','01341',,'01267',,,'04012','01642',,,'00990',,'00998',,'02226','01976','03742',,'01666','02195','02125','01181','00976','01375','03234',,'02697','01001',,'01066',,'01844','03569','02627',
'01138',,'02440','02257','01849','01081','01346','02468','02997','01071',,'00630','03475','00932',,,,'00890','04277','03019','01352',,'01574','03256','01169',,'01827','01609',,,'01204','03783','01368','03951',,'01575','01096','04731','04006',,,,'01098','00873',,'01336','01344',,'01297',,,'04223','01658',,,'00995',,'01041',,'02300','02009','03827',,'01678','02315','02259','01209','00977','01452','03316',,'02698','01004',,'01206',,'01863','03710','02740',
'01164',,'02598','02337','01970','01102','01405','02478','03178','01089',,'00644','03698','00974',,,,'00895','04325','03021','01359',,'01709','03826','01255',,'01865','01613',,,'01220','03885','01377','03971',,'01674','01219','04809','04524',,,,'01124','00893',,'01365','01366',,'01340',,,'04245','01699',,,'01007',,'01077',,'02319','02097','03898',,'01745','02558','02306','01214','01023','01466','03490',,'03217','01056',,'01218',,'01906','04132','02760',
'01180',,'02653','02341','02054','01105','01454','02492','03250','01148',,'00677','03857','01082',,,,'00964','04481','03165','01397',,'01732','03988','01257',,'01918','01646',,,'01266','04027','01380','04198',,'01703','01261','04938','04738',,,,'01157','00894',,'01390','01421',,'01407',,,'04255','01705',,,'01035',,'01130',,'02379','02113','03941',,'01811','02781','02376','01229','01062','01469','03525',,'03301','01065',,'01230',,'01954','04207','02840',
'01231',,'02782','02602','02082','01161','01462','02537','03401','01205',,'00705','03923','01103',,,,'00978','04572','03173','01486',,'01775','04049','01262',,'01919','01857',,,'01274','04542','01395','04202',,'01781','01264',,'04794',,,,'01171','00917',,'01512','01456',,'01442',,,'04378','01726',,,'01054',,'01153',,'02402','02423','03980',,'01828','02854','02426','01334','01080','01517','03608',,'03802','01087',,'01237',,'01963','04262','02925',
'01305',,'02992','02604','02086','01223','01538','02590','03403','01245',,'00818','04046','01117',,,,'01109','04812','03204','01570',,'01803','04304','01276',,'01983','01869',,,'01279','04664','01413','04275',,'01817','01355',,,,,,'01173','00935',,'01582','01477',,'01492',,,'04515','01735',,,'01100',,'01163',,'02507','02516','04240',,'01866','03069','02445','01357','01121','01553','03753',,'03969','01093',,'01263',,'02047','04338','03199',
'01313',,'03002','02784','02163','01249','01603','02669','03530','01294',,'00854','04159','01184',,,,'01142','04840','03329','01585',,'01940','04408','01317',,'02024','01883',,,'01370','04939','01419','04362',,'01872','01362',,,,,,'01208','00963',,'01590','01528',,'01567',,,'04701','01777',,,'01290',,'01178',,'02552','02671','04241',,'01882','03079','02548','01472','01141','01556','03798',,'04041','01111',,'01277',,'02142','04353','03290',
'01345',,'03155','02795','02172','01285','01643','02676','03588','01299',,'00950','04162','01224',,,,'01226',,'03431','01621',,'01994','04440','01330',,'02130','01920',,,'01398',,'01424','04363',,'01912','01387',,,,,,'01234','00966',,'01597','01631',,'01573',,,'04839','01789',,,'01350',,'01189',,'02556','02739','04597',,'01902','03138','02573','01497','01145','01676','04175',,'04075','01119',,'01307',,'02181','04686','03303',
'01455',,'03254','02889','02173','01287','01729','02744','03603','01506',,'00960','04250','01271',,,,'01236',,'03447','01624',,'02003','04475','01388',,'02144','01938',,,'01423',,'01527','04370',,'01941','01396',,,,,,'01253','01013',,'01730','01637',,'01588',,,'04927','01796',,,'01373',,'01303',,'02588','02828','04607',,'02255','03266','02666','01500','01197','01724','04239',,'04200','01152',,'01403',,'02267','04845','03539',
'01541',,'03368','02894','02275','01300','01837','02998','03937','01507',,'00999','04273','01319',,,,'01256',,'03464','01681',,'02023','04533','01430',,'02279','02002',,,'01505',,'01627','04589',,'02048','01402',,,,,,'01302','01029',,'01782','01712',,'01611',,,'04983','01813',,,'01414',,'01311',,'02637','03129','04614',,'02489','03300','02690','01559','01210','01744','04286',,'04339','01176',,'01426',,'02416','04850','03639',
'01552',,'03374','02988','02351','01308','02168','03147','04088','01547',,'01002','04354','01360',,,,'01400',,'03493','01776',,'02050','04609','01438',,'02308','02066',,,'01533',,'01702','04680',,'02087','01415',,,,,,'01314','01034',,'01795','01816',,'01648',,,'05007','01991',,,'01431',,'01358',,'02693','03236','04902',,'02593','03367','02808','01583','01254','01760','04425',,'04345','01179',,'01443',,'02447',,'03659',
'01560',,'03504','03059','02403','01315','02206','03239','04092','01571',,'01003','04403','01364',,,,'01428',,'03501','01829',,'02089','04613','01503',,'02321','02069',,,'01636',,'01733','04691',,'02110','01416',,,,,,'01578','01044',,'01812','02067',,'01716',,,,'02005',,,'01495',,'01411',,'02720','03245','04933',,'02642','03542','02858','01626','01309','01790','04507',,'04996','01194',,'01480',,'02565',,'03665',
'01563',,'03557','03103','02570','01378','02214','03338','04127','01593',,'01014','04718','01382',,,,'01432',,'03546','01838',,'02183','04641','01555',,'02381','02099',,,'01677',,'01876','04750',,'02118','01444',,,,,,'01596','01070',,'01845','02076',,'01840',,,,'02015',,,'01608',,'01468',,'02857','03313','04934',,'02644','03543','02893','01638','01333','01871','04555',,,'01369',,'01551',,'02584',,'03681',
'01599',,'03637','03424','02575','01420','02289','03469','04163','01629',,'01052','04769','01383',,,,'01439',,'03731','01914',,'02236','04823','01619',,'02400','02215',,,'01694',,'01897','04960',,'02133','01471',,,,,,'01625','01088',,'01890','02134',,'01854',,,,'02022',,,'01667',,'01501',,'02906','03343',,,'02714','03592','02902','01737','01343','01874','04593',,,'01386',,'01565',,'02609',,'03840',
'01683',,'03864','03480','02655','01436','02314','03496','04225','01743',,'01079','04795','01406',,,,'01445',,'03741','01935',,'02241','04852','01622',,'02422','02237',,,'01721',,'01981',,,'02175','01537',,,,,,'01651','01140',,'01895','02162',,'01888',,,,'02040',,,'01669',,'01511',,'02912','03365',,,'02803','03661','02929','01785','01372','01985','04715',,,'01393',,'01586',,'02682',,'03954',
'01693',,'04021','03582','02718','01440','02446','03529','04385','01799',,'01091','04868','01470',,,,'01448',,'03773','01949',,'02261',,'01672',,'02490','02293',,,'01741',,'01993',,,'02180','01650',,,,,,'01684','01154',,'01928','02269',,'02042',,,,'02045',,,'01704',,'01529',,'02936','03487',,,'02930','03888','02986','01786','01381','02205','04734',,,'01408',,'01645',,'02867',,'04179',
'01736',,'04043','03728','02748','01481','02465','03564','04419','01801',,'01115',,'01475',,,,'01458',,'03803','01997',,'02276',,'01717',,'02491','02305',,,'01835',,'02037',,,'02186','01700',,,,,,'01765','01212',,'01989','02335',,'02096',,,,'02053',,,'01751',,'01558',,'02956','03512',,,'02945','04251','03101','01846','01425','02222','04799',,,'01482',,'01688',,'02950',,'04559',
'01738',,'04051','03737','02918','01566','02474','03723','04459','01814',,'01137',,'01491',,,,'01460',,'03865','02021',,'02382',,'01792',,'02519','02497',,,'01842',,'02128',,,'02283','01711',,,,,,'01769','01246',,'02000','02413',,'02117',,,,'02068',,,'01766',,'01605',,'02963','03535',,,'02994','04263','03116','01877','01461','02228','04876',,,'01515',,'01701',,'02959',,'04583',
'01754',,'04056','03767','02935','01618','02495','03786','04523','01836',,'01166',,'01508',,,,'01484',,'04095','02031',,'02383',,'01925',,'02594','02532',,,'01847',,'02153',,,'02338','01723',,,,,,'01909','01251',,'02034','02480',,'02185',,,,'02121',,,'01767',,'01607',,'03032','03701',,,'03001','04283','03133','01980','01474','02244','04919',,,'01535',,'01734',,'02969',,'04620',
'01831',,'04216','03842','03240','01630','02499','03791',,'01893',,'01260',,'01521',,,,'01513',,'04100','02038',,'02464',,'02020',,'02622','02592',,,'01861',,'02189',,,'02378','01791',,,,,,'01923','01422',,'02055','02484',,'02197',,,,'02122',,,'01832',,'01656',,'03075','03739',,,'03003','04340','03185','01995','01498','02359',,,,'01554',,'01755',,'03044',,'04900',
'01851',,'04360','03894','03356','01634','02633','03833',,'01929',,'01298',,'01522',,,,'01536',,'04231','02141',,'02535',,'02028',,'02631','02674',,,'01881',,'02211',,,'02476','01830',,,,,,'01939','01476',,'02077','02524',,'02258',,,,'02377',,,'01860',,'01668',,'03105','04080',,,'03058','04359','03347','02008','01499','02366',,,,'01576',,'01797',,'03056',,,
'01900',,'04462','03913','03507','01691','02652','03962',,'01945',,'01337',,'01579',,,,'01598',,'04571','02166',,'02562',,'02044',,'02632','02779',,,'02062',,'02224',,,'02606','01931',,,,,,'01946','01514',,'02095','02712',,'02325',,,,'02612',,,'01884',,'01771',,'03333','04090',,,'03109','04430','03500','02115','01523','02469',,,,'01594',,'01880',,'03244',,,
'01916',,'04500','03919','03519','01821','02702','04034',,'01959',,'01338',,'01653',,,,'01614',,'04629','02193',,'02585',,'02073',,'02650','02797',,,'02070',,'02248',,,'02761','01937',,,,,,'01952','01526',,'02207','02750',,'02332',,,,'02618',,,'01942',,'01772',,'03382','04350',,,'03114','04468','03585','02143','01543','02563',,,,'01615',,'01896',,'03291',,,
'01926',,'04534','03946','03522','01823','02710','04118',,'01975',,'01339',,'01748',,,,'01660',,'04747','02355',,'02620',,'02094',,'02689','02805',,,'02072',,'02256',,,'02766','01969',,,,,,'01968','01572',,'02282','02838',,'02352',,,,'02624',,,'02049',,'01779',,'03449','04415',,,'03209','04894','03615','02213','01545','02595',,,,'01659',,'01901',,'03339',,,
'02019',,'04855','03965','03553','01855','02818','04386',,'01999',,'01401',,'01885',,,,'01675',,'04756','02365',,'02729',,'02106',,'02725','02877',,,'02204',,'02260',,,'02807','02287',,,,,,'01992','01632',,'02339','02855',,'02356',,,,'02695',,,'02084',,'01784',,'03568','04611',,,'03271',,'03649','02223','01562','02601',,,,'01670',,'01965',,'03570',,,
'02027',,'04869','04030','03555','01868','02916','04549',,'02059',,'01489',,'01907',,,,'01679',,'04811','02375',,'02736',,'02112',,'02743','02897',,,'02208',,'02434',,,'02844','02290',,,,,,'02006','01682',,'02340','02961',,'02389',,,,'02746',,,'02129',,'01800',,'03623','04647',,,'03390',,'03652','02245','01581','02614',,,,'01680',,'02116',,'03586',,,
'02056',,,'04125','03692','01964','03170','04554',,'02083',,'01524',,'01922',,,,'01698',,'04877','02626',,'02763',,'02126',,'02754','02962',,,'02270',,'02436',,,'02860','02304',,,,,,'02011','01686',,'02390','02966',,'02398',,,,'02764',,,'02131',,'01806',,'03628','04853',,,'03395',,'03787','02309','01606','02616',,,,'01687',,'02148',,'03727',,,
'02161',,,'04217','03790','02004','03172','04596',,'02119',,'01525',,'01962',,,,'01706',,'04959','02663',,'02816',,'02140',,'02792','03027',,,'02281',,'02454',,,'02875','02312',,,,,,'02036','01689',,'02420','03041',,'02412',,,,'02862',,,'02139',,'01862',,'03764','04890',,,'03460',,'03836','02432','01610','02638',,,,'01696',,'02151',,'03761',,,
'02196',,,'04303','03819','02012','03201',,,'02164',,'01532',,'02155',,,,'01749',,,'02679',,'02839',,'02145',,'02842','03030',,,'02334',,'02514',,,'02901','02331',,,,,,'02075','01714',,'02509','03068',,'02470',,,,'02884',,,'02147',,'01870',,'03779',,,,'03551',,'03895','02463','01641','02699',,,,'01707',,'02188',,'03825',,,
'02239',,,'04351','03843','02137','03229',,,'02178',,'01549',,'02169',,,,'01757',,,'02680',,'02852',,'02227',,'02872','03072',,,'02388',,'02522',,,'02910','02455',,,,,,'02081','01715',,'02512','03081',,'02517',,,,'02979',,,'02240',,'01955',,'03829',,,,'03579',,'03907','02475','01742','02700',,,,'01756',,'02218',,'03917',,,
'02246',,,'04426','04023','02150','03265',,,'02184',,'01580',,'02176',,,,'01763',,,'02688',,'02853',,'02272',,'02898','03181',,,'02394',,'02526',,,'02949','02459',,,,,,'02114','01719',,'02605','03097',,'02567',,,,'03037',,,'02406',,'01973',,'03883',,,,'03600',,'03978','02477','01778','02717',,,,'01788',,'02253',,'03942',,,
'02343',,,'04483','04040','02203','03268',,,'02190',,'01587',,'02191',,,,'01820',,,'02758',,'02926',,'02278',,'02900','03205',,,'02414',,'02531',,,'03022','02486',,,,,,'02156','01759',,'02802','03162',,'02591',,,,'03118',,,'02448',,'02041',,'03899',,,,'03643',,'03984','02541','01908','02773',,,,'01802',,'02327',,'04112',,,
'02374',,,'04690','04065','02273','03364',,,'02209',,'01589',,'02348',,,,'01886',,,'02767',,'02947',,'02360',,'03023','03231',,,'02430',,'02561',,,'03025','02572',,,,,,'02171','01761',,'02943','03228',,'02668',,,,'03177',,,'02453',,'02088',,'03939',,,,'03658',,'04148','02555','01927','02794',,,,'01815',,'02342',,'04142',,,
'02442',,,'04753','04117','02311','03451',,,'02230',,'01640',,'02353',,,,'01905',,,'02806',,'03046',,'02371',,'03050','03288',,,'02505',,'02596',,,'03047','02577',,,,,,'02194','01787',,'03110','03230',,'02707',,,,'03212',,,'02460',,'02120',,'04014',,,,'03702',,'04212','02611','01998','02865',,,,'01833',,'02396',,'04184',,,
'02527',,,'04814','04133','02362','03605',,,'02285',,'01652',,'02433',,,,'01917',,,'03004',,'03146',,'02421',,'03083','03298',,,'02547',,'02696',,,'03064','02664',,,,,,'02201','01852',,'03134','03259',,'02734',,,,'03283',,,'02511',,'02233',,'04157',,,,'03706',,'04364','02687','02007','02978',,,,'01848',,'02438',,'04233',,,
'02559',,,'04895','04209','02370','03680',,,'02336',,'01662',,'02487',,,,'01924',,,'03035',,'03158',,'02431',,'03089','03357',,,'02578',,'02735',,,'03070','02670',,,,,,'02210','01859',,'03232','03320',,'02886',,,,'03348',,,'02553',,'02234',,'04278',,,,'03711',,'04399','02713','02064','02989',,,,'01933',,'02482',,'04258',,,
'02566',,,'04906','04224','02393','03688',,,'02345',,'01725',,'02493',,,,'02010',,,'03054',,'03161',,'02444',,'03137','03371',,,'02677',,'02772',,,'03102','02678',,,,,,'02266','01879',,'03248','03355',,'02887',,,,'03379',,,'02597',,'02242',,'04285',,,,'03800',,'04448','02727','02085','03043',,,,'01951',,'02483',,'04308',,,
'02607',,,,'04261','02417','03714',,,'02409',,'01740',,'02500',,,,'02013',,,'03086',,'03174',,'02450',,'03145','03473',,,'02724',,'02777',,,'03148','02759',,,,,,'02347','01887',,'03252','03412',,'02908',,,,'03422',,,'02613',,'02247',,'04412',,,,'03816',,'04450','02783','02091','03175',,,,'01960',,'02485',,'04560',,,
'02648',,,,'04380','02449','03776',,,'02461',,'01753',,'02528',,,,'02014',,,'03123',,'03203',,'02451',,'03163','03494',,,'02819',,'02778',,,'03373','02775',,,,,,'02349','01932',,'03324','03435',,'02951',,,,'03436',,,'02628',,'02292',,'04428',,,,'03845',,'04454','02790','02192','03176',,,,'01971',,'02529',,'04575',,,
'02751',,,,'04449','02488','03801',,,'02498',,'01853',,'02568',,,,'02018',,,'03190',,'03249',,'02502',,'03186','03538',,,'02829',,'02785',,,'03430','02800',,,,,,'02358','01978',,'03340','03527',,'03223',,,,'03492',,,'02672',,'02301',,'04460',,,,'03856',,'04705','02793','02250','03184',,,,'02035',,'02536',,'04592',,,
'02776',,,,'04503','02539','03837',,,'02510',,'01864',,'02788',,,,'02026',,,'03208',,'03279',,'02506',,'03211','03547',,,'02851',,'02814',,,'03509','02824',,,,,,'02424','02025',,'03359','03694',,'03331',,,,'03589',,,'02745',,'02302',,'04474',,,,'03903',,'04755','02799','02280','03312',,,,'02039',,'02560',,'04632',,,
'02991',,,,'04526','02551','03900',,,'02621',,'01898',,'02864',,,,'02051',,,'03311',,'03315',,'02582',,'03215','03606',,,'02883',,'02831',,,'03554','02895',,,,,,'02456','02101',,'03378','03770',,'03391',,,,'03594',,,'02850',,'02346',,'04541',,,,'03906',,'04819','02846','02296','03444',,,,'02061',,'02583',,'04654',,,
'03011',,,,'04539','02711','03986',,,'02625',,'01904',,'02880',,,,'02221',,,'03327',,'03413',,'02636',,'03346','03631',,,'02995',,'02928',,,'03572','02967',,,,,,'02479','02108',,'03427','03910',,'03407',,,,'03794',,,'02866',,'02357',,'04582',,,,'03983',,'04857','02876','02317','03455',,,,'02090',,'02635',,'04773',,,
'03039',,,,'04801','02721','03990',,,'02660',,'01934',,'02882',,,,'02286',,,'03394',,'03428',,'02684',,'03360','03664',,,'02999',,'02968',,,'03591','02972',,,,,,'02518','02152',,'03456','04024',,'03448',,,,'03806',,,'02924',,'02391',,'04679',,,,'03991',,,'02937','02344','03524',,,,'02092',,'02675',,'04884',,,
'03073',,,,'04882','02786','03992',,,'02692',,'01944',,'02904',,,,'02297',,,'03404',,'03443',,'02722',,'03477','03740',,,'03013',,'03094',,,'03651','02982',,,,,,'02523','02200',,'03502','04050',,'03602',,,,'03815',,,'02970',,'02419',,'04700',,,,'04244',,,'03018','02354','03641',,,,'02102',,'02681',,'04888',,,
'03127',,,,'04985','02845','04004',,,'02796',,'01966',,'02911',,,,'02333',,,'03454',,'03463',,'02870',,'03484','03766',,,'03036',,'03106',,,'03732','03038',,,,,,'02530','02229',,'03597','04061',,'03607',,,,'03866',,,'03008',,'02458',,'04728',,,,'04305',,,'03031','02386','03642',,,,'02158',,'02705',,'04988',,,
'03141',,,,,'02848','04105',,,'02890',,'01982',,'02921',,,,'02361',,,'03510',,'03511',,'02873',,'03488','03778',,,'03040',,'03354',,,'03762','03053',,,,,,'02579','02235',,'03598','04081',,'03733',,,,'03875',,,'03034',,'02542',,'04736',,,,'04326',,,'03055','02395','03751',,,,'02216',,'02716',,,,,
'03164',,,,,'02980','04187',,,'02954',,'01990',,'02993',,,,'02367',,,'03545',,'03526',,'02891',,'03517','03957',,,'03092',,'03385',,,'03862','03108',,,,,,'02641','02318',,'03634','04096',,'03868',,,,'03927',,,'03107',,'02545',,'04898',,,,'04447',,,'03060','02397','03839',,,,'02264',,'02738',,,,,
'03272',,,,,'03062','04330',,,'02955',,'01996',,'03015',,,,'02408',,,'03549',,'03540',,'02922',,'03638','04074',,,'03111',,'03506',,,'03922','03122',,,,,,'02762','02320',,'03654','04124',,'03944',,,,'04013',,,'03135',,'02557',,'04951',,,,'04476',,,'03119','02415','03867',,,,'02387',,'02837',,,,,
'03414',,,,,'03066','04342',,,'02960',,'02046',,'03126',,,,'02457',,,'03621',,'03574',,'02932',,'03660','04085',,,'03198',,'03581',,,'03926','03153',,,,,,'02834','02385',,'03677','04153',,'04016',,,,'04144',,,'03152',,'02589',,'04987',,,,'04532',,,'03130','02443','03877',,,,'02467',,'02841',,,,,
'03437',,,,,'03067','04344',,,'02983',,'02105',,'03128',,,,'02587',,,'03648',,'03587',,'02939',,'03670','04172',,,'03270',,'03629',,,'03994','03213',,,,,,'02909','02404',,'03746','04259',,'04028',,,,'04194',,,'03157',,'02694',,'04994',,,,'04689',,,'03140','02494','03948',,,,'02481',,'02881',,,,,
'03457',,,,,'03074','04372',,,'02984',,'02111',,'03143',,,,'02667',,,'03850',,'03593',,'02940',,'03748','04173',,,'03294',,'03635',,,'04005','03214',,,,,,'02913','02428',,'03752','04267',,'04097',,,,'04205',,,'03180',,'02709',,,,,,'04695',,,'03160','02533','03989',,,,'02515',,'03017',,,,,
'03478',,,,,'03080','04413',,,'02987',,'02212',,'03144',,,,'02708',,,'03860',,'03630',,'03012',,'03769','04218',,,'03305',,'03646',,,'04063','03233',,,,,,'02946','02429',,'03758','04334',,'04161',,,,'04214',,,'03246',,'02815',,,,,,'04711',,,'03216','02608','04035',,,,'02540',,'03045',,,,,
'03578',,,,,'03189','04501',,,'03005',,'02252',,'03253',,,,'02753',,,'03896',,'04018',,'03100',,'03809','04336',,,'03307',,'03709',,,'04082','03261',,,,,,'03063','02496',,'03848','04444',,'04167',,,,'04348',,,'03275',,'02822',,,,,,'04723',,,'03227','02617','04093',,,,'02543',,'03085',,,,,
'03668',,,,,'03200','04548',,,'03010',,'02298',,'03398',,,,'02832',,,'03920',,'04019',,'03187',,'03841','04409',,,'03408',,'03719',,,'04147','03314',,,,,,'03078','02503',,'03884','04637',,'04168',,,,'04368',,,'03302',,'02830',,,,,,'04780',,,'03251','02623','04232',,,,'02580',,'03124',,,,,
'03673',,,,,'03241','04570',,,'03014',,'02364',,'03470',,,,'02856',,,'03985',,'04060',,'03220',,'03893','04527',,,'03410',,'03765',,,'04213','03345',,,,,,'03273','02521',,'03949','04655',,'04222',,,,'04398',,,'03309',,'02896',,,,,,'04782',,,'03276','02634','04271',,,,'02610',,'03156',,,,,
'03676',,,,,'03243','04591',,,'03028',,'02373',,'03521',,,,'02879',,,'04008',,'04069',,'03235',,'03958','04543',,,'03452',,'03849',,,'04221','03386',,,,,,'03287','02544',,'04116','04704',,'04310',,,,'04519',,,'03453',,'02919',,,,,,'04786',,,'03322','02651','04290',,,,'02619',,'03188',,,,,
'03678',,,,,'03258','04610',,,'03084',,'02435',,'03533',,,,'02953',,,'04017',,'04079',,'03255',,'04007','04600',,,'03518',,'03853',,,'04237','03459',,,,,,'03296','02574',,'04176','04741',,'04341',,,,'04545',,,'03465',,'02934',,,,,,'04851',,,'03332','02747','04316',,,,'02728',,'03191',,,,,
'03679',,,,,'03262','04621',,,'03142',,'02549',,'03584',,,,'02964',,,'04280',,'04197',,'03284',,'04036','04639',,,'03559',,'03959',,,'04595','03503',,,,,,'03325','02586',,'04266','04759',,'04405',,,,'04569',,,'03499',,'02996',,,,,,'04910',,,'03337','02752','04329',,,,'02733',,'03308',,,,,
'03735',,,,,'03370','04630',,,'03149',,'02554',,'03627',,,,'03065',,,'04282',,'04201',,'03292',,'04141','04732',,,'03655',,'04042',,,'04616','03561',,,,,,'03381','02600',,'04318','04980',,'04422',,,,'04708',,,'03513',,'03006',,,,,,'04911',,,'03361','02825','04357',,,,'02737',,'03335',,,,,
'03749',,,,,'03418','04675',,,'03242',,'02569',,'03636',,,,'03131',,,'04366',,'04257',,'03319',,'04188','04758',,,'03793',,'04053',,,'04665','03573',,,,,,'03419','02640',,'04320','05002',,'04429',,,,'04818',,,'03590',,'03113',,,,,,'04966',,,'03376','02869','04439',,,,'02755',,'03344',,,,,
'03757',,,,,'03426','04761',,,'03247',,'02703',,'03726',,,,'03136',,,'04402',,'04289',,'03326',,'04190','04797',,,'03972',,'04129',,,'04789','03626',,,,,,'03474','02647',,'04367',,,'04521',,,,'04824',,,'03625',,'03277',,,,,,'05010',,,'03397','02892','04672',,,,'02780',,'03349',,,,,
'03785',,,,,'03471','04765',,,'03267',,'02732',,'03820',,,,'03182',,,'04497',,'04301',,'03342',,'04226','04834',,,'04054',,'04199',,,'04862','03633',,,,,,'03482','02649',,'04473',,,'04546',,,,'04943',,,'03682',,'03281',,,,,,,,,'03446','02914','04693',,,,'02812',,'03377',,,,,
'03876',,,,,'03536','04838',,,'03293',,'02742',,'03933',,,,'03210',,,'04517',,'04328',,'03369',,'04279','04921',,,'04067',,'04355',,,'04870','03689',,,,,,'03485','02798',,'04536',,,'04565',,,,'04977',,,'03693',,'03285',,,,,,,,,'03618','02920','04699',,,,'02813',,'03384',,,,,
'03908',,,,,'03548','04871',,,'03299',,'02769',,'03977',,,,'03278',,,'04528',,'04435',,'03388',,'04321',,,,'04070',,'04470',,,'04958','03700',,,,,,'03604','02859',,'04551',,,'04636',,,,,,,'03705',,'03304',,,,,,,,,'03624','02942','04918',,,,'02833',,'03420',,,,,
'03940',,,,,'03612','04908',,,'03353',,'02801',,'04001',,,,'03295',,,'04626',,'04576',,'03400',,'04327',,,,'04108',,'04525',,,'04969','03712',,,,,,'03619','02871',,'04604',,,'04682',,,,,,,'03713',,'03310',,,,,,,,,'03640','02974','04942',,,,'02847',,'03434',,,,,
'03961',,,,,'03617','04947',,,'03417',,'02835',,'04121',,,,'03297',,,'04730',,'04703',,'03613',,'04337',,,,'04164',,'04540',,,'04998','03722',,,,,,'03620','02899',,'04628',,,'04685',,,,,,,'03763',,'03350',,,,,,,,,'03667','02977','04992',,,,'02861',,'03532',,,,,
'03981',,,,,'03704','04956',,,'03458',,'02938',,'04123',,,,'03323',,,'04757',,'04709',,'03622',,'04377',,,,'04169',,'04662',,,,'03756',,,,,,'03734','02907',,'04648',,,'04717',,,,,,,'03771',,'03362',,,,,,,,,'03780','03051',,,,,'02878',,'03556',,,,,
'04011',,,,,'03718','04962',,,'03472',,'02957',,'04160',,,,'03425',,,'04777',,'04735',,'03632',,'04390',,,,'04181',,'04889',,,,'03759',,,,,,'03805','02927',,'04696',,,'04778',,,,,,,'03781',,'03387',,,,,,,,,'03799','03096',,,,,'02888',,'03686',,,,,
'04026',,,,,'03792',,,,'03481',,'02975',,'04189',,,,'03491',,,'04837',,'04793',,'03647',,'04394',,,,'04193',,'05006',,,,'03812',,,,,,'03830','02931',,'04712',,,'04946',,,,,,,'03784',,'03389',,,,,,,,,'03817','03120',,,,,'02971',,'03736',,,,,
'04091',,,,,'03863',,,,'03516',,'02985',,'04234',,,,'03495',,,'04843',,'04802',,'03675',,'04485',,,,'04319',,,,,,'03824',,,,,,'03930','02952',,'04727',,,'04957',,,,,,,'03810',,'03416',,,,,,,,,'03897','03183',,,,,'02981',,'03814',,,,,
'04138',,,,,'03901',,,,'03560',,'02990',,'04243',,,,'03497',,,'04885',,'04887',,'03697',,'04496',,,,'04379',,,,,,'03904',,,,,,'03968','02976',,'04760',,,'04984',,,,,,,'03821',,'03432',,,,,,,,,'03929','03194',,,,,'03088',,'03838',,,,,
'04227',,,,,'03931',,,,'03580',,'03052',,'04246',,,,'03514',,,'04896',,'04907',,'03882',,'04504',,,,'04395',,,,,,'03925',,,,,,'04002','03007',,'04783',,,,,,,,,,'03855',,'03534',,,,,,,,,'03953','03206',,,,,'03091',,'03846',,,,,
'04309',,,,,'03982',,,,'03596',,'03274',,'04281',,,,'03528',,,'04920',,'04915',,'03891',,'04509',,,,'04400',,,,,,'03964',,,,,,'04107','03024',,'04796',,,,,,,,,,'03889',,'03544',,,,,,,,,'03979','03263',,,,,'03202',,'03847',,,,,
'04349',,,,,'04156',,,,'03611',,'03358',,'04401',,,,'03537',,,,,'04936',,'03936',,'04594',,,,'04538',,,,,,'04062',,,,,,'04135','03061',,'04803',,,,,,,,,,'03902',,'03609',,,,,,,,,'04037','03264',,,,,'03219',,'03852',,,,,
'04371',,,,,'04166',,,,'03644',,'03366',,'04431',,,,'03541',,,,,,,'03975',,'04617',,,,'04564',,,,,,'04086',,,,,,'04139','03076',,'04807',,,,,,,,,,'03963',,'03663',,,,,,,,,'04180','03393',,,,,'03225',,'03854',,,,,
'04383',,,,,'04376',,,,'03657',,'03372',,'04436',,,,'03567',,,,,,,'04083',,'04657',,,,'04599',,,,,,'04119',,,,,,'04158','03077',,'04827',,,,,,,,,,'04071',,'03905',,,,,,,,,'04215','03402',,,,,'03238',,'03916',,,,,
'04423',,,,,'04410',,,,'03671',,'03405',,'04463',,,,'03695',,,,,,,'04155',,'04688',,,,'04653',,,,,,'04134',,,,,,'04208','03125',,'04859',,,,,,,,,,'04076',,'03932',,,,,,,,,'04220','03409',,,,,'03257',,'03952',,,,,
'04464',,,,,'04421',,,,'03674',,'03421',,'04586',,,,'03699',,,,,,,'04247',,'04800',,,,'04901',,,,,,'04152',,,,,,'04238','03197',,'04925',,,,,,,,,,'04078',,'03960',,,,,,,,,'04293','03439',,,,,'03306',,'03976',,,,,
'04488',,,,,'04437',,,,'03685',,'03479',,'04659',,,,'03768',,,,,,,'04296',,'04825',,,,'04978',,,,,,'04265',,,,,,'04332','03221',,'04937',,,,,,,,,,'04101',,'03966',,,,,,,,,'04333','03450',,,,,'03363',,'03995',,,,,
'04557',,,,,'04455',,,,'03717',,'03515',,'04660',,,,'03832',,,,,,,'04300',,'04880',,,,,,,,,,'04270',,,,,,'04432','03222',,'04995',,,,,,,,,,'04104',,'03967',,,,,,,,,'04427','03523',,,,,'03383',,'04059',,,,,
'04578',,,,,'04508',,,,'03721',,'03650',,'04663',,,,'03892',,,,,,,'04356',,'04917',,,,,,,,,,'04298',,,,,,'04467','03224',,,,,,,,,,,,'04177',,'03973',,,,,,,,,'04477','03616',,,,,'03392',,'04072',,,,,
'04670',,,,,'04566',,,,'03744',,'03729',,'04744',,,,'03914',,,,,,,'04392',,'04967',,,,,,,,,,'04331',,,,,,'04573','03260',,,,,,,,,,,,'04276',,'03974',,,,,,,,,'04601','03696',,,,,'03461',,'04195',,,,,
'04739',,,,,'04623',,,,'03754',,'03730',,'04764',,,,'03945',,,,,,,'04434',,'05008',,,,,,,,,,'04361',,,,,,'04678','03321',,,,,,,,,,,,'04311',,'04009',,,,,,,,,'04602','03725',,,,,'03462',,'04252',,,,,
'04766',,,,,'04645',,,,'03795',,'03782',,'04781',,,,'03956',,,,,,,'04446',,,,,,,,,,,,'04365',,,,,,'04710','03330',,,,,,,,,,,,'04313',,'04102',,,,,,,,,'04608','03747',,,,,'03486',,'04254',,,,,
'04768',,,,,'04677',,,,'03858',,'03869',,'04785',,,,'04025',,,,,,,'04502',,,,,,,,,,,,'04382',,,,,,'04754','03441',,,,,,,,,,,,'04369',,'04228',,,,,,,,,'04684','03777',,,,,'03531',,'04322',,,,,
'04790',,,,,'04698',,,,'03859',,'03880',,'04833',,,,'04029',,,,,,,'04511',,,,,,,,,,,,'04396',,,,,,'04883','03467',,,,,,,,,,,,'04374',,'04335',,,,,,,,,'04745','03788',,,,,'03614',,'04375',,,,,
'04816',,,,,'04719',,,,'03874',,'03998',,'04836',,,,'04045',,,,,,,'04563',,,,,,,,,,,,'04424',,,,,,'04929','03489',,,,,,,,,,,,'04389',,'04343',,,,,,,,,'04830','03797',,,,,'03703',,'04406',,,,,
'04865',,,,,'04743',,,,'03912',,'04003',,'04867',,,,'04052',,,,,,,'04606',,,,,,,,,,,,'04457',,,,,,'04974','03498',,,,,,,,,,,,'04397',,'04480',,,,,,,,,'04841','03808',,,,,'03715',,'04433',,,,,
'04953',,,,,'04804',,,,'03934',,'04010',,'04912',,,,'04058',,,,,,,'04658',,,,,,,,,,,,'04495',,,,,,,'03505',,,,,,,,,,,,'04404',,'04484',,,,,,,,,'04842','03823',,,,,'03720',,'04441',,,,,
'04964',,,,,'04822',,,,'03993',,'04032',,'04948',,,,'04064',,,,,,,'04674',,,,,,,,,,,,'04561',,,,,,,'03563',,,,,,,,,,,,'04465',,'04506',,,,,,,,,'04844','03873',,,,,'03738',,'04443',,,,,
,,,,,'04826',,,,'04048',,'04068',,'04961',,,,'04077',,,,,,,'04720',,,,,,,,,,,,'04562',,,,,,,'03571',,,,,,,,,,,,'04490',,'04531',,,,,,,,,'04860','03928',,,,,'03813',,'04445',,,,,
,,,,,'04849',,,,'04087',,'04114',,'04963',,,,'04089',,,,,,,'04806',,,,,,,,,,,,'04618',,,,,,,'03577',,,,,,,,,,,,'04499',,'04535',,,,,,,,,'04864','03999',,,,,'03834',,'04452',,,,,
,,,,,'04861',,,,'04098',,'04122',,,,,,'04094',,,,,,,'04813',,,,,,,,,,,,'04668',,,,,,,'03599',,,,,,,,,,,,'04579',,'04574',,,,,,,,,'04926','04020',,,,,'03844',,'04590',,,,,
,,,,,'04928',,,,'04130',,'04140',,,,,,'04106',,,,,,,'04831',,,,,,,,,,,,'04669',,,,,,,'03601',,,,,,,,,,,,'04683',,'04650',,,,,,,,,'04944','04022',,,,,'03872',,'04605',,,,,
,,,,,'04976',,,,'04145',,'04150',,,,,,'04131',,,,,,,'04832',,,,,,,,,,,,'04702',,,,,,,'03645',,,,,,,,,,,,'04742',,'04707',,,,,,,,,,'04031',,,,,'03881',,'04673',,,,,
,,,,,'04981',,,,'04191',,'04174',,,,,,'04151',,,,,,,'04914',,,,,,,,,,,,'04772',,,,,,,'03656',,,,,,,,,,,,'04748',,'04737',,,,,,,,,,'04033',,,,,'03943',,'04681',,,,,
,,,,,,,,,'04192',,'04183',,,,,,'04178',,,,,,,'04932',,,,,,,,,,,,'04775',,,,,,,'03672',,,,,,,,,,,,'04846',,'04767',,,,,,,,,,'04084',,,,,'04039',,'04721',,,,,
,,,,,,,,,'04219',,'04230',,,,,,'04203',,,,,,,'04940',,,,,,,,,,,,'04787',,,,,,,'03707',,,,,,,,,,,,'04856',,'04874',,,,,,,,,,'04126',,,,,'04111',,'04729',,,,,
,,,,,,,,,'04236',,'04287',,,,,,'04248',,,,,,,'04989',,,,,,,,,,,,'04810',,,,,,,'03750',,,,,,,,,,,,'04872',,'04881',,,,,,,,,,'04185',,,,,'04136',,'04763',,,,,
,,,,,,,,,'04307',,'04288',,,,,,'04284',,,,,,,'05009',,,,,,,,,,,,'04982',,,,,,,'03789',,,,,,,,,,,,'04878',,'04899',,,,,,,,,,'04264',,,,,'04211',,'04815',,,,,
,,,,,,,,,'04358',,'04346',,,,,,'04297',,,,,,,,,,,,,,,,,,,'04990',,,,,,,'03796',,,,,,,,,,,,'04904',,'04913',,,,,,,,,,'04294',,,,,'04235',,'04903',,,,,
,,,,,,,,,'04393',,'04347',,,,,,'04352',,,,,,,,,,,,,,,,,,,,,,,,,,'03870',,,,,,,,,,,,'04945',,'04916',,,,,,,,,,'04312',,,,,'04256',,'04905',,,,,
,,,,,,,,,'04418',,'04387',,,,,,'04373',,,,,,,,,,,,,,,,,,,,,,,,,,'03871',,,,,,,,,,,,'04979',,'04935',,,,,,,,,,'04315',,,,,'04291',,'04930',,,,,
,,,,,,,,,'04456',,'04438',,,,,,'04388',,,,,,,,,,,,,,,,,,,,,,,,,,'03887',,,,,,,,,,,,'04986',,'04955',,,,,,,,,,'04324',,,,,'04292',,,,,,,
,,,,,,,,,'04458',,'04505',,,,,,'04414',,,,,,,,,,,,,,,,,,,,,,,,,,'03924',,,,,,,,,,,,'05000',,'04973',,,,,,,,,,'04407',,,,,'04306',,,,,,,
,,,,,,,,,'04479',,'04514',,,,,,'04489',,,,,,,,,,,,,,,,,,,,,,,,,,'03987',,,,,,,,,,,,,,,,,,,,,,,,'04487',,,,,'04323',,,,,,,
,,,,,,,,,'04510',,'04520',,,,,,'04492',,,,,,,,,,,,,,,,,,,,,,,,,,'04015',,,,,,,,,,,,,,,,,,,,,,,,'04512',,,,,'04381',,,,,,,
,,,,,,,,,'04516',,'04567',,,,,,'04522',,,,,,,,,,,,,,,,,,,,,,,,,,'04044',,,,,,,,,,,,,,,,,,,,,,,,'04518',,,,,'04416',,,,,,,
,,,,,,,,,'04580',,'04581',,,,,,'04529',,,,,,,,,,,,,,,,,,,,,,,,,,'04113',,,,,,,,,,,,,,,,,,,,,,,,'04547',,,,,'04417',,,,,,,
,,,,,,,,,'04625',,'04635',,,,,,'04552',,,,,,,,,,,,,,,,,,,,,,,,,,'04137',,,,,,,,,,,,,,,,,,,,,,,,'04584',,,,,'04420',,,,,,,
,,,,,,,,,'04661',,'04652',,,,,,'04587',,,,,,,,,,,,,,,,,,,,,,,,,,'04146',,,,,,,,,,,,,,,,,,,,,,,,'04598',,,,,'04442',,,,,,,
,,,,,,,,,'04714',,'04687',,,,,,'04624',,,,,,,,,,,,,,,,,,,,,,,,,,'04170',,,,,,,,,,,,,,,,,,,,,,,,'04615',,,,,'04451',,,,,,,
,,,,,,,,,'04724',,'04692',,,,,,'04627',,,,,,,,,,,,,,,,,,,,,,,,,,'04186',,,,,,,,,,,,,,,,,,,,,,,,'04622',,,,,'04469',,,,,,,
,,,,,,,,,'04733',,'04713',,,,,,'04638',,,,,,,,,,,,,,,,,,,,,,,,,,'04242',,,,,,,,,,,,,,,,,,,,,,,,'04633',,,,,'04471',,,,,,,
,,,,,,,,,'04817',,'04725',,,,,,'04649',,,,,,,,,,,,,,,,,,,,,,,,,,'04253',,,,,,,,,,,,,,,,,,,,,,,,'04640',,,,,'04478',,,,,,,
,,,,,,,,,'04875',,'04749',,,,,,'04651',,,,,,,,,,,,,,,,,,,,,,,,,,'04260',,,,,,,,,,,,,,,,,,,,,,,,'04642',,,,,'04493',,,,,,,
,,,,,,,,,'05005',,'04774',,,,,,'04697',,,,,,,,,,,,,,,,,,,,,,,,,,'04453',,,,,,,,,,,,,,,,,,,,,,,,'04656',,,,,'04530',,,,,,,
,,,,,,,,,,,'04791',,,,,,'04722',,,,,,,,,,,,,,,,,,,,,,,,,,'04486',,,,,,,,,,,,,,,,,,,,,,,,'04667',,,,,'04588',,,,,,,
,,,,,,,,,,,'04835',,,,,,'04726',,,,,,,,,,,,,,,,,,,,,,,,,,'04550',,,,,,,,,,,,,,,,,,,,,,,,'04751',,,,,'04643',,,,,,,
,,,,,,,,,,,'04892',,,,,,'04779',,,,,,,,,,,,,,,,,,,,,,,,,,'04553',,,,,,,,,,,,,,,,,,,,,,,,'04792',,,,,'04676',,,,,,,
,,,,,,,,,,,'04952',,,,,,'04858',,,,,,,,,,,,,,,,,,,,,,,,,,'04568',,,,,,,,,,,,,,,,,,,,,,,,'04808',,,,,'04771',,,,,,,
,,,,,,,,,,,'04999',,,,,,'04873',,,,,,,,,,,,,,,,,,,,,,,,,,'04577',,,,,,,,,,,,,,,,,,,,,,,,'04863',,,,,'04828',,,,,,,
,,,,,,,,,,,,,,,,,'04886',,,,,,,,,,,,,,,,,,,,,,,,,,'04644',,,,,,,,,,,,,,,,,,,,,,,,'04866',,,,,'04848',,,,,,,
,,,,,,,,,,,,,,,,,'04949',,,,,,,,,,,,,,,,,,,,,,,,,,'04671',,,,,,,,,,,,,,,,,,,,,,,,'04897',,,,,'04972',,,,,,,
,,,,,,,,,,,,,,,,,,,,,,,,,,,,,,,,,,,,,,,,,,,'04716',,,,,,,,,,,,,,,,,,,,,,,,'04924',,,,,'04993',,,,,,,
,,,,,,,,,,,,,,,,,,,,,,,,,,,,,,,,,,,,,,,,,,,'04746',,,,,,,,,,,,,,,,,,,,,,,,'04931',,,,,'05001',,,,,,,
,,,,,,,,,,,,,,,,,,,,,,,,,,,,,,,,,,,,,,,,,,,'04762',,,,,,,,,,,,,,,,,,,,,,,,'04950',,,,,,,,,,,,
,,,,,,,,,,,,,,,,,,,,,,,,,,,,,,,,,,,,,,,,,,,'04784',,,,,,,,,,,,,,,,,,,,,,,,'04970',,,,,,,,,,,,
,,,,,,,,,,,,,,,,,,,,,,,,,,,,,,,,,,,,,,,,,,,'04821',,,,,,,,,,,,,,,,,,,,,,,,,,,,,,,,,,,,
,,,,,,,,,,,,,,,,,,,,,,,,,,,,,,,,,,,,,,,,,,,'04847',,,,,,,,,,,,,,,,,,,,,,,,,,,,,,,,,,,,
,,,,,,,,,,,,,,,,,,,,,,,,,,,,,,,,,,,,,,,,,,,'04854',,,,,,,,,,,,,,,,,,,,,,,,,,,,,,,,,,,,
,,,,,,,,,,,,,,,,,,,,,,,,,,,,,,,,,,,,,,,,,,,'04879',,,,,,,,,,,,,,,,,,,,,,,,,,,,,,,,,,,,
,,,,,,,,,,,,,,,,,,,,,,,,,,,,,,,,,,,,,,,,,,,'04893',,,,,,,,,,,,,,,,,,,,,,,,,,,,,,,,,,,,
,,,,,,,,,,,,,,,,,,,,,,,,,,,,,,,,,,,,,,,,,,,'04909',,,,,,,,,,,,,,,,,,,,,,,,,,,,,,,,,,,,
,,,,,,,,,,,,,,,,,,,,,,,,,,,,,,,,,,,,,,,,,,,'04923',,,,,,,,,,,,,,,,,,,,,,,,,,,,,,,,,,,,
,,,,,,,,,,,,,,,,,,,,,,,,,,,,,,,,,,,,,,,,,,,'04941',,,,,,,,,,,,,,,,,,,,,,,,,,,,,,,,,,,,
,,,,,,,,,,,,,,,,,,,,,,,,,,,,,,,,,,,,,,,,,,,'04971',,,,,,,,,,,,,,,,,,,,,,,,,,,,,,,,,,,,
,,,,,,,,,,,,,,,,,,,,,,,,,,,,,,,,,,,,,,,,,,,'04975',,,,,,,,,,,,,,,,,,,,,,,,,,,,,,,,,,,,
,,,,,,,,,,,,,,,,,,,,,,,,,,,,,,,,,,,,,,,,,,,'04991',,,,,,,,,,,,,,,,,,,,,,,,,,,,,,,,,,,,
